(265).jpg,(265).txt
(296).jpg,(296).txt
(75).jpg,(75).txt
(971).jpg,(971).txt
(2285).jpg,(2285).txt
(2296).jpg,(2296).txt
(2013).jpg,(2013).txt
(605).jpg,(605).txt
(1235).jpg,(1235).txt
(1561).jpg,(1561).txt
(1692).jpg,(1692).txt
(722).jpg,(722).txt
(5).jpg,(5).txt
(235).jpg,(235).txt
(2223).jpg,(2223).txt
(640).jpg,(640).txt
(837).jpg,(837).txt
(2291).jpg,(2291).txt
(178).jpg,(178).txt
(21).jpg,(21).txt
(1808).jpg,(1808).txt
(1882).jpg,(1882).txt
(452).jpg,(452).txt
(488).jpg,(488).txt
(818).jpg,(818).txt
(1510).jpg,(1510).txt
(807).jpg,(807).txt
(2355).jpg,(2355).txt
(30).jpg,(30).txt
(499).jpg,(499).txt
(99).jpg,(99).txt
(2397).jpg,(2397).txt
(962).jpg,(962).txt
(828).jpg,(828).txt
(1535).jpg,(1535).txt
(601).jpg,(601).txt
(760).jpg,(760).txt
(1257).jpg,(1257).txt
(784).jpg,(784).txt
(1024).jpg,(1024).txt
(1353).jpg,(1353).txt
(2168).jpg,(2168).txt
(269).jpg,(269).txt
(2183).jpg,(2183).txt
(2255).jpg,(2255).txt
(461).jpg,(461).txt
(769).jpg,(769).txt
(174).jpg,(174).txt
(380).jpg,(380).txt
(1513).jpg,(1513).txt
(1116).jpg,(1116).txt
(496).jpg,(496).txt
(310).jpg,(310).txt
(372).jpg,(372).txt
(2101).jpg,(2101).txt
(1227).jpg,(1227).txt
(952).jpg,(952).txt
(91).jpg,(91).txt
(197).jpg,(197).txt
(276).jpg,(276).txt
(1397).jpg,(1397).txt
(610).jpg,(610).txt
(1929).jpg,(1929).txt
(419).jpg,(419).txt
(22).jpg,(22).txt
(1943).jpg,(1943).txt
(2398).jpg,(2398).txt
(923).jpg,(923).txt
(833).jpg,(833).txt
(1999).jpg,(1999).txt
(590).jpg,(590).txt
(1896).jpg,(1896).txt
(80).jpg,(80).txt
(463).jpg,(463).txt
(358).jpg,(358).txt
(1445).jpg,(1445).txt
(505).jpg,(505).txt
(1157).jpg,(1157).txt
(977).jpg,(977).txt
(260).jpg,(260).txt
(302).jpg,(302).txt
(1181).jpg,(1181).txt
(567).jpg,(567).txt
(735).jpg,(735).txt
(12).jpg,(12).txt
(190).jpg,(190).txt
(226).jpg,(226).txt
(798).jpg,(798).txt
(275).jpg,(275).txt
(1674).jpg,(1674).txt
(420).jpg,(420).txt
(1307).jpg,(1307).txt
(679).jpg,(679).txt
(2396).jpg,(2396).txt
(1065).jpg,(1065).txt
(2119).jpg,(2119).txt
(1179).jpg,(1179).txt
(111).jpg,(111).txt
(1422).jpg,(1422).txt
(894).jpg,(894).txt
(136).jpg,(136).txt
(211).jpg,(211).txt
(1507).jpg,(1507).txt
(809).jpg,(809).txt
(2306).jpg,(2306).txt
(1921).jpg,(1921).txt
(1876).jpg,(1876).txt
(2350).jpg,(2350).txt
(778).jpg,(778).txt
(177).jpg,(177).txt
(20).jpg,(20).txt
(2232).jpg,(2232).txt
(406).jpg,(406).txt
(283).jpg,(283).txt
(2321).jpg,(2321).txt
(947).jpg,(947).txt
(1427).jpg,(1427).txt
(1070).jpg,(1070).txt
(920).jpg,(920).txt
(1529).jpg,(1529).txt
(922).jpg,(922).txt
(1010).jpg,(1010).txt
(933).jpg,(933).txt
(1972).jpg,(1972).txt
(467).jpg,(467).txt
(747).jpg,(747).txt
(813).jpg,(813).txt
(1096).jpg,(1096).txt
(785).jpg,(785).txt
(869).jpg,(869).txt
(942).jpg,(942).txt
(1441).jpg,(1441).txt
(710).jpg,(710).txt
(568).jpg,(568).txt
(593).jpg,(593).txt
(2280).jpg,(2280).txt
(121).jpg,(121).txt
(93).jpg,(93).txt
(405).jpg,(405).txt
(1040).jpg,(1040).txt
(1047).jpg,(1047).txt
(2083).jpg,(2083).txt
(489).jpg,(489).txt
(366).jpg,(366).txt
(1039).jpg,(1039).txt
(632).jpg,(632).txt
(664).jpg,(664).txt
(2241).jpg,(2241).txt
(946).jpg,(946).txt
(603).jpg,(603).txt
(357).jpg,(357).txt
(1305).jpg,(1305).txt
(997).jpg,(997).txt
(960).jpg,(960).txt
(485).jpg,(485).txt
(772).jpg,(772).txt
(379).jpg,(379).txt
(1041).jpg,(1041).txt
(578).jpg,(578).txt
(1473).jpg,(1473).txt
(585).jpg,(585).txt
(584).jpg,(584).txt
(683).jpg,(683).txt
(1187).jpg,(1187).txt
(49).jpg,(49).txt
(1177).jpg,(1177).txt
(547).jpg,(547).txt
(786).jpg,(786).txt
(187).jpg,(187).txt
(859).jpg,(859).txt
(24).jpg,(24).txt
(2392).jpg,(2392).txt
(189).jpg,(189).txt
(1258).jpg,(1258).txt
(566).jpg,(566).txt
(1085).jpg,(1085).txt
(2188).jpg,(2188).txt
(638).jpg,(638).txt
(1208).jpg,(1208).txt
(1442).jpg,(1442).txt
(2186).jpg,(2186).txt
(221).jpg,(221).txt
(441).jpg,(441).txt
(953).jpg,(953).txt
(980).jpg,(980).txt
(2033).jpg,(2033).txt
(556).jpg,(556).txt
(780).jpg,(780).txt
(564).jpg,(564).txt
(7).jpg,(7).txt
(528).jpg,(528).txt
(856).jpg,(856).txt
(50).jpg,(50).txt
(321).jpg,(321).txt
(331).jpg,(331).txt
(435).jpg,(435).txt
(219).jpg,(219).txt
(116).jpg,(116).txt
(732).jpg,(732).txt
(845).jpg,(845).txt
(642).jpg,(642).txt
(514).jpg,(514).txt
(791).jpg,(791).txt
(179).jpg,(179).txt
(300).jpg,(300).txt
(1).jpg,(1).txt
(315).jpg,(315).txt
(884).jpg,(884).txt
(73).jpg,(73).txt
(1013).jpg,(1013).txt
(1255).jpg,(1255).txt
(374).jpg,(374).txt
(421).jpg,(421).txt
(55).jpg,(55).txt
(1842).jpg,(1842).txt
(563).jpg,(563).txt
(883).jpg,(883).txt
(1874).jpg,(1874).txt
(2171).jpg,(2171).txt
(214).jpg,(214).txt
(546).jpg,(546).txt
(1365).jpg,(1365).txt
(60).jpg,(60).txt
(2326).jpg,(2326).txt
(519).jpg,(519).txt
(2023).jpg,(2023).txt
(959).jpg,(959).txt
(2331).jpg,(2331).txt
(808).jpg,(808).txt
(777).jpg,(777).txt
(665).jpg,(665).txt
(609).jpg,(609).txt
(1898).jpg,(1898).txt
(1522).jpg,(1522).txt
(262).jpg,(262).txt
(2369).jpg,(2369).txt
(224).jpg,(224).txt
(113).jpg,(113).txt
(1001).jpg,(1001).txt
(2199).jpg,(2199).txt
(1983).jpg,(1983).txt
(295).jpg,(295).txt
(1988).jpg,(1988).txt
(795).jpg,(795).txt
(635).jpg,(635).txt
(373).jpg,(373).txt
(325).jpg,(325).txt
(439).jpg,(439).txt
(1814).jpg,(1814).txt
(898).jpg,(898).txt
(1026).jpg,(1026).txt
(1500).jpg,(1500).txt
(1727).jpg,(1727).txt
(1660).jpg,(1660).txt
(87).jpg,(87).txt
(978).jpg,(978).txt
(423).jpg,(423).txt
(67).jpg,(67).txt
(1849).jpg,(1849).txt
(597).jpg,(597).txt
(1108).jpg,(1108).txt
(645).jpg,(645).txt
(165).jpg,(165).txt
(594).jpg,(594).txt
(1658).jpg,(1658).txt
(245).jpg,(245).txt
(901).jpg,(901).txt
(33).jpg,(33).txt
(1450).jpg,(1450).txt
(56).jpg,(56).txt
(294).jpg,(294).txt
(1594).jpg,(1594).txt
(137).jpg,(137).txt
(842).jpg,(842).txt
(537).jpg,(537).txt
(208).jpg,(208).txt
(410).jpg,(410).txt
(1737).jpg,(1737).txt
(908).jpg,(908).txt
(129).jpg,(129).txt
(1592).jpg,(1592).txt
(90).jpg,(90).txt
(351).jpg,(351).txt
(2393).jpg,(2393).txt
(1352).jpg,(1352).txt
(159).jpg,(159).txt
(1268).jpg,(1268).txt
(1297).jpg,(1297).txt
(1871).jpg,(1871).txt
(718).jpg,(718).txt
(1540).jpg,(1540).txt
(37).jpg,(37).txt
(327).jpg,(327).txt
(1421).jpg,(1421).txt
(1298).jpg,(1298).txt
(478).jpg,(478).txt
(270).jpg,(270).txt
(862).jpg,(862).txt
(1986).jpg,(1986).txt
(2139).jpg,(2139).txt
(486).jpg,(486).txt
(1676).jpg,(1676).txt
(2140).jpg,(2140).txt
(945).jpg,(945).txt
(1321).jpg,(1321).txt
(110).jpg,(110).txt
(912).jpg,(912).txt
(25).jpg,(25).txt
(685).jpg,(685).txt
(2388).jpg,(2388).txt
(1728).jpg,(1728).txt
(39).jpg,(39).txt
(929).jpg,(929).txt
(770).jpg,(770).txt
(1048).jpg,(1048).txt
(872).jpg,(872).txt
(2220).jpg,(2220).txt
(72).jpg,(72).txt
(168).jpg,(168).txt
(450).jpg,(450).txt
(1254).jpg,(1254).txt
(741).jpg,(741).txt
(152).jpg,(152).txt
(643).jpg,(643).txt
(787).jpg,(787).txt
(911).jpg,(911).txt
(1247).jpg,(1247).txt
(981).jpg,(981).txt
(171).jpg,(171).txt
(851).jpg,(851).txt
(1056).jpg,(1056).txt
(789).jpg,(789).txt
(1870).jpg,(1870).txt
(636).jpg,(636).txt
(108).jpg,(108).txt
(2178).jpg,(2178).txt
(38).jpg,(38).txt
(579).jpg,(579).txt
(2308).jpg,(2308).txt
(236).jpg,(236).txt
(921).jpg,(921).txt
(352).jpg,(352).txt
(558).jpg,(558).txt
(1151).jpg,(1151).txt
(167).jpg,(167).txt
(261).jpg,(261).txt
(801).jpg,(801).txt
(761).jpg,(761).txt
(172).jpg,(172).txt
(54).jpg,(54).txt
(432).jpg,(432).txt
(225).jpg,(225).txt
(1595).jpg,(1595).txt
(277).jpg,(277).txt
(126).jpg,(126).txt
(574).jpg,(574).txt
(834).jpg,(834).txt
(175).jpg,(175).txt
(138).jpg,(138).txt
(1895).jpg,(1895).txt
(319).jpg,(319).txt
(14).jpg,(14).txt
(625).jpg,(625).txt
(728).jpg,(728).txt
(240).jpg,(240).txt
(203).jpg,(203).txt
(879).jpg,(879).txt
(354).jpg,(354).txt
(1349).jpg,(1349).txt
(790).jpg,(790).txt
(1825).jpg,(1825).txt
(266).jpg,(266).txt
(119).jpg,(119).txt
(1562).jpg,(1562).txt
(1374).jpg,(1374).txt
(281).jpg,(281).txt
(1052).jpg,(1052).txt
(1131).jpg,(1131).txt
(703).jpg,(703).txt
(614).jpg,(614).txt
(1086).jpg,(1086).txt
(201).jpg,(201).txt
(1252).jpg,(1252).txt
(1003).jpg,(1003).txt
(2310).jpg,(2310).txt
(970).jpg,(970).txt
(1499).jpg,(1499).txt
(666).jpg,(666).txt
(544).jpg,(544).txt
(1673).jpg,(1673).txt
(248).jpg,(248).txt
(822).jpg,(822).txt
(1234).jpg,(1234).txt
(811).jpg,(811).txt
(416).jpg,(416).txt
(815).jpg,(815).txt
(870).jpg,(870).txt
(1438).jpg,(1438).txt
(443).jpg,(443).txt
(650).jpg,(650).txt
(1249).jpg,(1249).txt
(511).jpg,(511).txt
(2240).jpg,(2240).txt
(2345).jpg,(2345).txt
(94).jpg,(94).txt
(729).jpg,(729).txt
(293).jpg,(293).txt
(1038).jpg,(1038).txt
(149).jpg,(149).txt
(972).jpg,(972).txt
(346).jpg,(346).txt
(961).jpg,(961).txt
(292).jpg,(292).txt
(918).jpg,(918).txt
(2399).jpg,(2399).txt
(1482).jpg,(1482).txt
(524).jpg,(524).txt
(755).jpg,(755).txt
(520).jpg,(520).txt
(1230).jpg,(1230).txt
(1423).jpg,(1423).txt
(1605).jpg,(1605).txt
(611).jpg,(611).txt
(527).jpg,(527).txt
(907).jpg,(907).txt
(882).jpg,(882).txt
(832).jpg,(832).txt
(2158).jpg,(2158).txt
(112).jpg,(112).txt
(6).jpg,(6).txt
(1857).jpg,(1857).txt
(263).jpg,(263).txt
(454).jpg,(454).txt
(965).jpg,(965).txt
(711).jpg,(711).txt
(2085).jpg,(2085).txt
(1425).jpg,(1425).txt
(1519).jpg,(1519).txt
(414).jpg,(414).txt
(1343).jpg,(1343).txt
(2390).jpg,(2390).txt
(2071).jpg,(2071).txt
(797).jpg,(797).txt
(1335).jpg,(1335).txt
(2081).jpg,(2081).txt
(525).jpg,(525).txt
(28).jpg,(28).txt
(1899).jpg,(1899).txt
(517).jpg,(517).txt
(1004).jpg,(1004).txt
(861).jpg,(861).txt
(866).jpg,(866).txt
(446).jpg,(446).txt
(84).jpg,(84).txt
(2103).jpg,(2103).txt
(1664).jpg,(1664).txt
(565).jpg,(565).txt
(1206).jpg,(1206).txt
(194).jpg,(194).txt
(77).jpg,(77).txt
(1547).jpg,(1547).txt
(453).jpg,(453).txt
(788).jpg,(788).txt
(13).jpg,(13).txt
(887).jpg,(887).txt
(783).jpg,(783).txt
(975).jpg,(975).txt
(2383).jpg,(2383).txt
(161).jpg,(161).txt
(381).jpg,(381).txt
(231).jpg,(231).txt
(1418).jpg,(1418).txt
(1046).jpg,(1046).txt
(272).jpg,(272).txt
(156).jpg,(156).txt
(1089).jpg,(1089).txt
(663).jpg,(663).txt
(724).jpg,(724).txt
(1019).jpg,(1019).txt
(1031).jpg,(1031).txt
(17).jpg,(17).txt
(162).jpg,(162).txt
(936).jpg,(936).txt
(241).jpg,(241).txt
(430).jpg,(430).txt
(332).jpg,(332).txt
(1504).jpg,(1504).txt
(812).jpg,(812).txt
(213).jpg,(213).txt
(494).jpg,(494).txt
(690).jpg,(690).txt
(604).jpg,(604).txt
(792).jpg,(792).txt
(204).jpg,(204).txt
(2125).jpg,(2125).txt
(125).jpg,(125).txt
(59).jpg,(59).txt
(259).jpg,(259).txt
(629).jpg,(629).txt
(1168).jpg,(1168).txt
(667).jpg,(667).txt
(876).jpg,(876).txt
(676).jpg,(676).txt
(1306).jpg,(1306).txt
(371).jpg,(371).txt
(904).jpg,(904).txt
(906).jpg,(906).txt
(2332).jpg,(2332).txt
(927).jpg,(927).txt
(880).jpg,(880).txt
(695).jpg,(695).txt
(662).jpg,(662).txt
(720).jpg,(720).txt
(1088).jpg,(1088).txt
(955).jpg,(955).txt
(46).jpg,(46).txt
(745).jpg,(745).txt
(1233).jpg,(1233).txt
(493).jpg,(493).txt
(1023).jpg,(1023).txt
(1528).jpg,(1528).txt
(274).jpg,(274).txt
(2366).jpg,(2366).txt
(756).jpg,(756).txt
(109).jpg,(109).txt
(120).jpg,(120).txt
(363).jpg,(363).txt
(1593).jpg,(1593).txt
(2265).jpg,(2265).txt
(1821).jpg,(1821).txt
(140).jpg,(140).txt
(1101).jpg,(1101).txt
(877).jpg,(877).txt
(476).jpg,(476).txt
(576).jpg,(576).txt
(937).jpg,(937).txt
(2124).jpg,(2124).txt
(1405).jpg,(1405).txt
(767).jpg,(767).txt
(993).jpg,(993).txt
(227).jpg,(227).txt
(484).jpg,(484).txt
(627).jpg,(627).txt
(835).jpg,(835).txt
(343).jpg,(343).txt
(490).jpg,(490).txt
(1665).jpg,(1665).txt
(900).jpg,(900).txt
(867).jpg,(867).txt
(873).jpg,(873).txt
(1102).jpg,(1102).txt
(824).jpg,(824).txt
(543).jpg,(543).txt
(2088).jpg,(2088).txt
(1196).jpg,(1196).txt
(502).jpg,(502).txt
(608).jpg,(608).txt
(464).jpg,(464).txt
(19).jpg,(19).txt
(587).jpg,(587).txt
(681).jpg,(681).txt
(758).jpg,(758).txt
(268).jpg,(268).txt
(1020).jpg,(1020).txt
(996).jpg,(996).txt
(678).jpg,(678).txt
(1944).jpg,(1944).txt
(1314).jpg,(1314).txt
(717).jpg,(717).txt
(1034).jpg,(1034).txt
(2346).jpg,(2346).txt
(1188).jpg,(1188).txt
(18).jpg,(18).txt
(58).jpg,(58).txt
(65).jpg,(65).txt
(442).jpg,(442).txt
(1368).jpg,(1368).txt
(433).jpg,(433).txt
(759).jpg,(759).txt
(216).jpg,(216).txt
(1147).jpg,(1147).txt
(503).jpg,(503).txt
(913).jpg,(913).txt
(719).jpg,(719).txt
(2102).jpg,(2102).txt
(595).jpg,(595).txt
(26).jpg,(26).txt
(278).jpg,(278).txt
(725).jpg,(725).txt
(2233).jpg,(2233).txt
(195).jpg,(195).txt
(930).jpg,(930).txt
(2182).jpg,(2182).txt
(422).jpg,(422).txt
(748).jpg,(748).txt
(287).jpg,(287).txt
(1036).jpg,(1036).txt
(746).jpg,(746).txt
(223).jpg,(223).txt
(150).jpg,(150).txt
(727).jpg,(727).txt
(771).jpg,(771).txt
(1312).jpg,(1312).txt
(633).jpg,(633).txt
(829).jpg,(829).txt
(394).jpg,(394).txt
(498).jpg,(498).txt
(1125).jpg,(1125).txt
(943).jpg,(943).txt
(1191).jpg,(1191).txt
(1077).jpg,(1077).txt
(1269).jpg,(1269).txt
(466).jpg,(466).txt
(752).jpg,(752).txt
(133).jpg,(133).txt
(2394).jpg,(2394).txt
(2025).jpg,(2025).txt
(2134).jpg,(2134).txt
(451).jpg,(451).txt
(838).jpg,(838).txt
(209).jpg,(209).txt
(1947).jpg,(1947).txt
(827).jpg,(827).txt
(2295).jpg,(2295).txt
(411).jpg,(411).txt
(948).jpg,(948).txt
(1006).jpg,(1006).txt
(1163).jpg,(1163).txt
(1958).jpg,(1958).txt
(733).jpg,(733).txt
(185).jpg,(185).txt
(957).jpg,(957).txt
(151).jpg,(151).txt
(455).jpg,(455).txt
(196).jpg,(196).txt
(470).jpg,(470).txt
(998).jpg,(998).txt
(774).jpg,(774).txt
(43).jpg,(43).txt
(575).jpg,(575).txt
(793).jpg,(793).txt
(273).jpg,(273).txt
(939).jpg,(939).txt
(616).jpg,(616).txt
(418).jpg,(418).txt
(805).jpg,(805).txt
(200).jpg,(200).txt
(513).jpg,(513).txt
(220).jpg,(220).txt
(714).jpg,(714).txt
(1976).jpg,(1976).txt
(434).jpg,(434).txt
(347).jpg,(347).txt
(97).jpg,(97).txt
(312).jpg,(312).txt
(1481).jpg,(1481).txt
(570).jpg,(570).txt
(1078).jpg,(1078).txt
(425).jpg,(425).txt
(1082).jpg,(1082).txt
(899).jpg,(899).txt
(1984).jpg,(1984).txt
(1804).jpg,(1804).txt
(2135).jpg,(2135).txt
(237).jpg,(237).txt
(615).jpg,(615).txt
(199).jpg,(199).txt
(229).jpg,(229).txt
(542).jpg,(542).txt
(2309).jpg,(2309).txt
(1802).jpg,(1802).txt
(1111).jpg,(1111).txt
(1099).jpg,(1099).txt
(1407).jpg,(1407).txt
(1554).jpg,(1554).txt
(895).jpg,(895).txt
(415).jpg,(415).txt
(987).jpg,(987).txt
(865).jpg,(865).txt
(2327).jpg,(2327).txt
(92).jpg,(92).txt
(154).jpg,(154).txt
(232).jpg,(232).txt
(581).jpg,(581).txt
(2043).jpg,(2043).txt
(2224).jpg,(2224).txt
(279).jpg,(279).txt
(1939).jpg,(1939).txt
(2387).jpg,(2387).txt
(1057).jpg,(1057).txt
(2054).jpg,(2054).txt
(817).jpg,(817).txt
(1913).jpg,(1913).txt
(1030).jpg,(1030).txt
(198).jpg,(198).txt
(854).jpg,(854).txt
(376).jpg,(376).txt
(586).jpg,(586).txt
(661).jpg,(661).txt
(521).jpg,(521).txt
(31).jpg,(31).txt
(656).jpg,(656).txt
(592).jpg,(592).txt
(15).jpg,(15).txt
(560).jpg,(560).txt
(753).jpg,(753).txt
(1011).jpg,(1011).txt
(1468).jpg,(1468).txt
(672).jpg,(672).txt
(573).jpg,(573).txt
(81).jpg,(81).txt
(1904).jpg,(1904).txt
(1107).jpg,(1107).txt
(1064).jpg,(1064).txt
(1432).jpg,(1432).txt
(2292).jpg,(2292).txt
(2).jpg,(2).txt
(40).jpg,(40).txt
(686).jpg,(686).txt
(143).jpg,(143).txt
(186).jpg,(186).txt
(1189).jpg,(1189).txt
(512).jpg,(512).txt
(79).jpg,(79).txt
(742).jpg,(742).txt
(737).jpg,(737).txt
(823).jpg,(823).txt
(1178).jpg,(1178).txt
(591).jpg,(591).txt
(1067).jpg,(1067).txt
(1952).jpg,(1952).txt
(850).jpg,(850).txt
(1526).jpg,(1526).txt
(132).jpg,(132).txt
(1033).jpg,(1033).txt
(903).jpg,(903).txt
(1412).jpg,(1412).txt
(1364).jpg,(1364).txt
(1058).jpg,(1058).txt
(458).jpg,(458).txt
(810).jpg,(810).txt
(145).jpg,(145).txt
(29).jpg,(29).txt
(509).jpg,(509).txt
(890).jpg,(890).txt
(500).jpg,(500).txt
(2267).jpg,(2267).txt
(858).jpg,(858).txt
(36).jpg,(36).txt
(1236).jpg,(1236).txt
(1953).jpg,(1953).txt
(76).jpg,(76).txt
(257).jpg,(257).txt
(529).jpg,(529).txt
(57).jpg,(57).txt
(674).jpg,(674).txt
(377).jpg,(377).txt
(96).jpg,(96).txt
(1369).jpg,(1369).txt
(1657).jpg,(1657).txt
(297).jpg,(297).txt
(181).jpg,(181).txt
(1928).jpg,(1928).txt
(657).jpg,(657).txt
(348).jpg,(348).txt
(1662).jpg,(1662).txt
(559).jpg,(559).txt
(630).jpg,(630).txt
(1490).jpg,(1490).txt
(475).jpg,(475).txt
(1378).jpg,(1378).txt
(518).jpg,(518).txt
(429).jpg,(429).txt
(1489).jpg,(1489).txt
(495).jpg,(495).txt
(671).jpg,(671).txt
(804).jpg,(804).txt
(322).jpg,(322).txt
(166).jpg,(166).txt
(655).jpg,(655).txt
(1336).jpg,(1336).txt
(16).jpg,(16).txt
(577).jpg,(577).txt
(1941).jpg,(1941).txt
(1792).jpg,(1792).txt
(706).jpg,(706).txt
(1852).jpg,(1852).txt
(69).jpg,(69).txt
(1205).jpg,(1205).txt
(924).jpg,(924).txt
(1091).jpg,(1091).txt
(128).jpg,(128).txt
(2012).jpg,(2012).txt
(902).jpg,(902).txt
(852).jpg,(852).txt
(2368).jpg,(2368).txt
(1354).jpg,(1354).txt
(680).jpg,(680).txt
(1879).jpg,(1879).txt
(687).jpg,(687).txt
(2123).jpg,(2123).txt
(1672).jpg,(1672).txt
(1940).jpg,(1940).txt
(123).jpg,(123).txt
(170).jpg,(170).txt
(583).jpg,(583).txt
(1536).jpg,(1536).txt
(1363).jpg,(1363).txt
(550).jpg,(550).txt
(1488).jpg,(1488).txt
(1992).jpg,(1992).txt
(122).jpg,(122).txt
(1661).jpg,(1661).txt
(840).jpg,(840).txt
(85).jpg,(85).txt
(1164).jpg,(1164).txt
(1476).jpg,(1476).txt
(173).jpg,(173).txt
(1097).jpg,(1097).txt
(365).jpg,(365).txt
(1545).jpg,(1545).txt
(2052).jpg,(2052).txt
(1384).jpg,(1384).txt
(212).jpg,(212).txt
(1367).jpg,(1367).txt
(1130).jpg,(1130).txt
(222).jpg,(222).txt
(2348).jpg,(2348).txt
(1434).jpg,(1434).txt
(1812).jpg,(1812).txt
(551).jpg,(551).txt
(928).jpg,(928).txt
(874).jpg,(874).txt
(515).jpg,(515).txt
(117).jpg,(117).txt
(693).jpg,(693).txt
(618).jpg,(618).txt
(1009).jpg,(1009).txt
(271).jpg,(271).txt
(1098).jpg,(1098).txt
(819).jpg,(819).txt
(803).jpg,(803).txt
(2294).jpg,(2294).txt
(164).jpg,(164).txt
(492).jpg,(492).txt
(796).jpg,(796).txt
(523).jpg,(523).txt
(1106).jpg,(1106).txt
(684).jpg,(684).txt
(102).jpg,(102).txt
(1523).jpg,(1523).txt
(1037).jpg,(1037).txt
(497).jpg,(497).txt
(35).jpg,(35).txt
(1925).jpg,(1925).txt
(751).jpg,(751).txt
(74).jpg,(74).txt
(2110).jpg,(2110).txt
(183).jpg,(183).txt
(1259).jpg,(1259).txt
(465).jpg,(465).txt
(501).jpg,(501).txt
(670).jpg,(670).txt
(393).jpg,(393).txt
(554).jpg,(554).txt
(480).jpg,(480).txt
(95).jpg,(95).txt
(617).jpg,(617).txt
(2395).jpg,(2395).txt
(163).jpg,(163).txt
(1655).jpg,(1655).txt
(1045).jpg,(1045).txt
(963).jpg,(963).txt
(1659).jpg,(1659).txt
(188).jpg,(188).txt
(437).jpg,(437).txt
(1148).jpg,(1148).txt
(641).jpg,(641).txt
(491).jpg,(491).txt
(1253).jpg,(1253).txt
(303).jpg,(303).txt
(8).jpg,(8).txt
(324).jpg,(324).txt
(715).jpg,(715).txt
(1873).jpg,(1873).txt
(775).jpg,(775).txt
(323).jpg,(323).txt
(776).jpg,(776).txt
(1117).jpg,(1117).txt
(637).jpg,(637).txt
(1920).jpg,(1920).txt
(23).jpg,(23).txt
(243).jpg,(243).txt
(673).jpg,(673).txt
(580).jpg,(580).txt
(1471).jpg,(1471).txt
(1197).jpg,(1197).txt
(130).jpg,(130).txt
(202).jpg,(202).txt
(768).jpg,(768).txt
(1152).jpg,(1152).txt
(1502).jpg,(1502).txt
(142).jpg,(142).txt
(1815).jpg,(1815).txt
(1430).jpg,(1430).txt
(1084).jpg,(1084).txt
(61).jpg,(61).txt
(314).jpg,(314).txt
(639).jpg,(639).txt
(1182).jpg,(1182).txt
(582).jpg,(582).txt
(2143).jpg,(2143).txt
(2245).jpg,(2245).txt
(675).jpg,(675).txt
(342).jpg,(342).txt
(958).jpg,(958).txt
(417).jpg,(417).txt
(42).jpg,(42).txt
(995).jpg,(995).txt
(1990).jpg,(1990).txt
(905).jpg,(905).txt
(1878).jpg,(1878).txt
(1512).jpg,(1512).txt
(1167).jpg,(1167).txt
(658).jpg,(658).txt
(623).jpg,(623).txt
(1830).jpg,(1830).txt
(863).jpg,(863).txt
(2305).jpg,(2305).txt
(612).jpg,(612).txt
(1110).jpg,(1110).txt
(282).jpg,(282).txt
(34).jpg,(34).txt
(897).jpg,(897).txt
(782).jpg,(782).txt
(602).jpg,(602).txt
(139).jpg,(139).txt
(431).jpg,(431).txt
(726).jpg,(726).txt
(968).jpg,(968).txt
(562).jpg,(562).txt
(820).jpg,(820).txt
(1591).jpg,(1591).txt
(1128).jpg,(1128).txt
(628).jpg,(628).txt
(1165).jpg,(1165).txt
(1736).jpg,(1736).txt
(1883).jpg,(1883).txt
(871).jpg,(871).txt
(806).jpg,(806).txt
(217).jpg,(217).txt
(228).jpg,(228).txt
(313).jpg,(313).txt
(538).jpg,(538).txt
(131).jpg,(131).txt
(206).jpg,(206).txt
(4).jpg,(4).txt
(1993).jpg,(1993).txt
(2351).jpg,(2351).txt
(914).jpg,(914).txt
(694).jpg,(694).txt
(1021).jpg,(1021).txt
(802).jpg,(802).txt
(155).jpg,(155).txt
(426).jpg,(426).txt
(1180).jpg,(1180).txt
(1228).jpg,(1228).txt
(1806).jpg,(1806).txt
(1256).jpg,(1256).txt
(956).jpg,(956).txt
(973).jpg,(973).txt
(1044).jpg,(1044).txt
(705).jpg,(705).txt
(1100).jpg,(1100).txt
(916).jpg,(916).txt
(1914).jpg,(1914).txt
(909).jpg,(909).txt
(487).jpg,(487).txt
(230).jpg,(230).txt
(839).jpg,(839).txt
(205).jpg,(205).txt
(474).jpg,(474).txt
(2389).jpg,(2389).txt
(238).jpg,(238).txt
(1231).jpg,(1231).txt
(651).jpg,(651).txt
(1469).jpg,(1469).txt
(2136).jpg,(2136).txt
(1104).jpg,(1104).txt
(1074).jpg,(1074).txt
(1682).jpg,(1682).txt
(986).jpg,(986).txt
(349).jpg,(349).txt
(530).jpg,(530).txt
(691).jpg,(691).txt
(360).jpg,(360).txt
(1129).jpg,(1129).txt
(539).jpg,(539).txt
(1018).jpg,(1018).txt
(1464).jpg,(1464).txt
(267).jpg,(267).txt
(696).jpg,(696).txt
(571).jpg,(571).txt
(606).jpg,(606).txt
(1028).jpg,(1028).txt
(391).jpg,(391).txt
(734).jpg,(734).txt
(1079).jpg,(1079).txt
(215).jpg,(215).txt
(207).jpg,(207).txt
(677).jpg,(677).txt
(456).jpg,(456).txt
(1805).jpg,(1805).txt
(794).jpg,(794).txt
(1431).jpg,(1431).txt
(89).jpg,(89).txt
(548).jpg,(548).txt
(64).jpg,(64).txt
(522).jpg,(522).txt
(169).jpg,(169).txt
(2229).jpg,(2229).txt
(2374).jpg,(2374).txt
(925).jpg,(925).txt
(1847).jpg,(1847).txt
(816).jpg,(816).txt
(644).jpg,(644).txt
(462).jpg,(462).txt
(557).jpg,(557).txt
(688).jpg,(688).txt
(2058).jpg,(2058).txt
(118).jpg,(118).txt
(2382).jpg,(2382).txt
(1604).jpg,(1604).txt
(83).jpg,(83).txt
(2141).jpg,(2141).txt
(438).jpg,(438).txt
(1927).jpg,(1927).txt
(2282).jpg,(2282).txt
(931).jpg,(931).txt
(692).jpg,(692).txt
(103).jpg,(103).txt
(1142).jpg,(1142).txt
(1800).jpg,(1800).txt
(613).jpg,(613).txt
(541).jpg,(541).txt
(307).jpg,(307).txt
(193).jpg,(193).txt
(915).jpg,(915).txt
(468).jpg,(468).txt
(66).jpg,(66).txt
(280).jpg,(280).txt
(350).jpg,(350).txt
(646).jpg,(646).txt
(1000).jpg,(1000).txt
(844).jpg,(844).txt
(78).jpg,(78).txt
(934).jpg,(934).txt
(1546).jpg,(1546).txt
(71).jpg,(71).txt
(1446).jpg,(1446).txt
(1087).jpg,(1087).txt
(841).jpg,(841).txt
(2377).jpg,(2377).txt
(134).jpg,(134).txt
(2347).jpg,(2347).txt
(1166).jpg,(1166).txt
(424).jpg,(424).txt
(596).jpg,(596).txt
(234).jpg,(234).txt
(3).jpg,(3).txt
(589).jpg,(589).txt
(48).jpg,(48).txt
(41).jpg,(41).txt
(1411).jpg,(1411).txt
(836).jpg,(836).txt
(1005).jpg,(1005).txt
(483).jpg,(483).txt
(2375).jpg,(2375).txt
(938).jpg,(938).txt
(721).jpg,(721).txt
(192).jpg,(192).txt
(969).jpg,(969).txt
(508).jpg,(508).txt
(440).jpg,(440).txt
(316).jpg,(316).txt
(2144).jpg,(2144).txt
(1348).jpg,(1348).txt
(510).jpg,(510).txt
(1029).jpg,(1029).txt
(135).jpg,(135).txt
(935).jpg,(935).txt
(359).jpg,(359).txt
(1813).jpg,(1813).txt
(233).jpg,(233).txt
(1926).jpg,(1926).txt
(764).jpg,(764).txt
(709).jpg,(709).txt
(471).jpg,(471).txt
(2084).jpg,(2084).txt
(1946).jpg,(1946).txt
(624).jpg,(624).txt
(436).jpg,(436).txt
(919).jpg,(919).txt
(740).jpg,(740).txt
(1043).jpg,(1043).txt
(910).jpg,(910).txt
(68).jpg,(68).txt
(864).jpg,(864).txt
(2356).jpg,(2356).txt
(1207).jpg,(1207).txt
(821).jpg,(821).txt
(941).jpg,(941).txt
(218).jpg,(218).txt
(88).jpg,(88).txt
(341).jpg,(341).txt
(1355).jpg,(1355).txt
(1735).jpg,(1735).txt
(1970).jpg,(1970).txt
(157).jpg,(157).txt
(754).jpg,(754).txt
(1338).jpg,(1338).txt
(1153).jpg,(1153).txt
(63).jpg,(63).txt
(301).jpg,(301).txt
(1511).jpg,(1511).txt
(1027).jpg,(1027).txt
(1538).jpg,(1538).txt
(1002).jpg,(1002).txt
(843).jpg,(843).txt
(881).jpg,(881).txt
(1693).jpg,(1693).txt
(2181).jpg,(2181).txt
(1905).jpg,(1905).txt
(2386).jpg,(2386).txt
(765).jpg,(765).txt
(1323).jpg,(1323).txt
(1433).jpg,(1433).txt
(32).jpg,(32).txt
(860).jpg,(860).txt
(979).jpg,(979).txt
(847).jpg,(847).txt
(951).jpg,(951).txt
(176).jpg,(176).txt
(1032).jpg,(1032).txt
(1066).jpg,(1066).txt
(607).jpg,(607).txt
(704).jpg,(704).txt
(317).jpg,(317).txt
(448).jpg,(448).txt
(353).jpg,(353).txt
